كولومبيا-اكسيلسو-مغسول-250g	إكسيلسو - كولومبيا	RpMyqQJB8R1tkOiR%2Fgestg%3D%3D
masar-yemen-slow-dried-coffee-250g	مسار - اليمن	cm37XrHTaGEraoqVLRymsg%3D%3D
ميلورا-كوستاريكا-عسلي-250-جرام	ميلوراا - كوستاريكا	r83YRpEfyXlHciwbnWTZ9A%3D%3D
أدهم-مزيج-250g	أدهم	ob6EdOmgq2dqhsrIZea3lw%3D%3D
الجبل-الأسود-البرازيل-مجفف-250g-1	الجبل الأسود - البرازيل	kB91xPjMtjaNPWlGDoR8hg%3D%3D
سيلفر-السلفادور-عسلي-250g	سيلفر - السلفادور	cH7ozjVpzrY8As%2BMrPUkrQ%3D%3D
شيلشلي-أثيوبي-مجفف-250g	شيلشلي - إثيوبيا	fCtei4GqjDZEfbVAgW7CoQ%3D%3D
إياناا-أثيوبيا-لاهوائي-250-جرام	إياناا - إثيوبيا	BjNuwXOtQds%2FJ%2BYqXiaRuw%3D%3D
زبيدة-اليمن-مجفف250-جرام	زبيدة - اليمن	mXSoDnEvA8l83KDXJVfBlw%3D%3D
سولاف-اليمن-تخمير-بلاك-نايت-250-جرام	سلاف - اليمن	rpn4xZp6XR8RzcU5JbMQUg%3D%3D
فكتورياا-أوغندا	فكتورياا - أوغندا	ivcsT5z8PcyvOy9808c51g%3D%3D
سولاناا-إثيوبيا	سولاناا - إثيوبيا	T4Azug98x6kI4mjCKPeYlQ%3D%3D
راؤول-غواتيمالا	راؤول - غواتيمالا	SB%2BYDv8Zo%2BO8sBg2UQD9zA%3D%3D
ريوو-البرازيل-250	ريوو - البرازيل	6bD7SQYk9eWA%2FJjXu1ukRQ%3D%3D
ألتوراا-كولومبيا-تجفيف-مطول-250-جرام	ألتوراا - كولومبيا	laBJL4b7esvZ2okRbJxrdA%3D%3D
كيت-كات-البرازيل-انفيوجن-250g	كيت كات - البرازيل	qkl50%2B%2Fc8aPs%2F7zHbM5i8g%3D%3D
دي-كاف-كولومبيا-مجفف-g250	دي كاف - كولومبيا	sAwotVX6E%2BuX4dBdFIX32g%3D%3D
9009	9009 - اليمن	7208Np8SPGEnYgwMhKXNDw%3D%3D
قوجي-اثيوبيا-معالجة-خاصة-250g	قوجي - إثيوبيا	CubgESPAOSfvDZR68xoHFw%3D%3D
اوزورا-اوغندا-مجفف-250-جرام	ازوراا - أوغندا	DXac30GBPdT6WY366f8Jug%3D%3D
بومبي-اثيوبي-مجفف-250g	بومبي - إثيوبيا	dIY507YdMtkkYleP2un1dQ%3D%3D
محصول-94-مزيج-250-جرام	محصول 94	H4G5cVI8UGlIC5dRhsmViQ%3D%3D
العدين-اليمن-مجففة-250-جرام	العدين - اليمن	JuEKXtkSxv6jlcUUuAlHkA%3D%3D
كالي-كولومبيا-عسلي-250-جرام	كالي - كولومبيا	0MCzi67u0zcYsYZF2YuSSw%3D%3D
وديان-حراز-اليمن-لاهوائي-250-جرام	وديان حراز - اليمن	9wmECyVnZFqwhn1i0FJ8Hg%3D%3D
فييلا-كولومبيا-مجفف-250g	فييلا - كولومبيا	Uu0ACau5nTR%2FU9GMy7OY8w%3D%3D
رونالدو-كولمبي-لاهوائي-250g	رونالدو - كولومبيا	cQPu1VVb8xB0e9O0bfC%2FJQ%3D%3D
شمام-كولومبيا-إنفيوجن-250-جرام	شمام - كولومبيا	1KbLiWqAnoJuM%2FV3zlEGdQ%3D%3D	ZDlEgamSZjcFr5P%2FKJkRzQ%3D%3D
اناناس-كولومبيا-إنفيوجن-250-جرام	اناناس - كولومبيا	ZjUPbYzS7irSECD6VQ22qA%3D%3D
بوشان-الصين-لاهوائي-250g	بوشان - الصين	gsv4T8xB%2BH%2F7hqmHjGaaaw%3D%3D
تيكاباا-السلفادور-لاهوائي-250g	سولوو - السلفادور	%2BrOY3p3Gbpwp7zOsD%2FbVVQ%3D%3D
حصن-ذروان-اليمن-لا-هوائي-250g	حصن ذروان - اليمن	OpDGSeJmcIiE8bWoksPhJw%3D%3D
مارياا-كوستاريكا-مجفف-g250	مارياا - كوستاريكا	GjgbzHPijl8brG%2B7qo830g%3D%3D
إريناا-أندونيسي-مجفف-250g	إريناا - إندونيسيا	H2vsSg4AFOJ%2Buc98BAQLeg%3D%3D
روزيتا-كوستاريكي-عسلي-250g	روزيتا - كوستاريكا	06OUfgJbDyLhPu6kCF1sJQ%3D%3D
كولومبيا-اكسيلسو-مغسول-250g	All Black Knight coffees — iced	7lc%2FWFHp8VgzPxolo2byag%3D%3D
