black-forest-blend	black forest blend	DlqEwymYXoduFTAheeO5hg%3D%3D	emhtQ1drD2%2B4Zr%2F2975EAQ%3D%3D
colombia-passion-fruit-mont-blanco	Colombia Passion Fruit – Mont Blanco	CIRJVfrEm98Hdo4lAJvbbQ%3D%3D	J2U6JJpjfK%2BZKLx3XtY5fg%3D%3D
costa-rica-el-pitalito	Costa Rica El Patalilo	XsKCduU2H867gwYOKMzHQA%3D%3D
colombia-watermelon-%d9%86%d8%b3%d8%ae%d8%a9	colombia coconut – mont blanco	d81RAjmUiZWdtycDlcRE4w%3D%3D	vRPo5AvKGsrstu2lwyyf8Q%3D%3D
salvador-akato	salvador Akato anearobic	SR4qp%2FiD7t5faPSKgEz4Jg%3D%3D	PyD0qPpoiY5x258%2BAsXEvA%3D%3D
ethiopia-anasora	Ethiopia anasora honey 89	JV5oDcqwU8AP4jlsPSBxHg%3D%3D
finca-equador	Finca Ecuador – honey	Ps2NLl2r3TLsigHZ0rFLfA%3D%3D
ethiopia-uraga	Ethiopia Uraga	oYhVEEBe81HruXJ8J6Jbvw%3D%3D	eTNembOxJXBLYDhMJ3Dzcg%3D%3D
ethiopia-guji-shakiso	Ethiopia Guji Shakiso	BPIGihNRSOrKt4%2Fk0Ilx%2Bw%3D%3D	bKpFm2BfaJNNqomM2PBF0w%3D%3D
chelichelle-yirgacheffe	Ethiopia chelichele – yirgacheffe	9CH9zaF00FCr%2FtROEFZvgQ%3D%3D	CqD%2F7VUJG6Pjjd%2BP8z%2FN1A%3D%3D
colombia-palladas	colombia palladas natural	Ju4%2Bxo5Afjpsf9mmwudK8g%3D%3D	WmpZuNtjOFtzokQjVHp2jg%3D%3D
salvador-divisadero	Salvador divisadero	01zkB%2FnR1NbaAxdJ4%2Bo3Xg%3D%3D	DHnek2A%2BKxhVodQz6oEoMQ%3D%3D
salvador-ruby	Salvador Ruby	CnLqn0y85DL4ZGMo7T9SJw%3D%3D	DxLUDbywo8YlTNg1M1D62g%3D%3D
ethiopia-sidamo-natural-250-%d9%86%d8%b3%d8%ae%d8%a9-2	Ethiopia Sidamo anearobic	%2Bx%2Brl8mYDFfhjCDvwwNvlw%3D%3D	uS%2F9EFOoaNZrEL%2ByYHBN%2BQ%3D%3D
colombia-sera-nevada	Colombia Sierra Nevada	nsWd61c2PwrqkOBoSrpkLA%3D%3D	BsyE5g5j%2FTQMUWh7izFkHA%3D%3D
colombia-laplata	Colombia Laplata	bMLsIdcbaBDRvMdhUSiZxg%3D%3D	J0Bm%2FUO3p5pnJGEeNIRbaw%3D%3D
yemen-atarah-anaerobic-%d9%86%d8%b3%d8%ae%d8%a9	Yemen – Anas – Anaerobic	46lEny5Mx6k37XGRkNZPRA%3D%3D	JfNgxjt5uKCquiIRTVgsyQ%3D%3D
colombia-cauca-natural	Colombia Cauca natural	daUethy5V4chSsN7zYSaUQ%3D%3D	69bQNKNswQfcps%2BEvJTqWw%3D%3D
ethiopia-hambella	ethiopia hambella	RFX0hHH2HVMDmRpMDZZziw%3D%3D	xXAtPIz98c5dNAf%2BEeu7wg%3D%3D
cocoa-caramel-blend	cocoa caramel blend	FFWlVsmMLl9Xwz5az4yjzA%3D%3D	LBw77zStWx5SdEKqjLBgxA%3D%3D
colombia-excelso	Colombia excelso	PAcnUwiRzMlBaNF4DsW%2BYw%3D%3D	wc%2B7xaN8b8CTOyyLwT0SqA%3D%3D
brazil-diamond	Brazil Diamond	yL3bEK8vr0iRrXGWzNpZOA%3D%3D	wl46YtVl%2BS1cgmt5SlGoGQ%3D%3D
colombia-watermelon	Colombia Watermelon	f857yo7k%2B4xdVbrTAP3Cqw%3D%3D
geisha-colombia	Colombia Giesha	B0TpNMKfUQ85gIYNk9qmhQ%3D%3D
ethiopia-gotiti-super-natural-anaerobic	ethiopia gotiti super natural	VYpu8FuuPVoyBSIOqumNug%3D%3D	5UqIk7bsrMuH%2BB43oAkgZw%3D%3D
yemen-atarah-anaerobic-%d9%86%d8%b3%d8%ae%d8%a9-%d9%86%d8%b3%d8%ae%d8%a9	costa rica Rio	btMul1rbPyEdMWWMKMPVVQ%3D%3D	eNzZA0xL0TEvkjX0uzfEJA%3D%3D
yemen-atarah	yemen atarah anearobic	uKjK%2BRMcf6eVEtOj4twKXQ%3D%3D	0tv66hj2UZe5DhEp5OOZ5Q%3D%3D
colombia-raspberry-250-gm-%d9%86%d8%b3%d8%ae%d8%a9	Colombia cherry	UhEHVaD5IHeH41MmTS%2F4rA%3D%3D	iB4%2FGQrsZjRuX3vDoDaRNw%3D%3D
uganda	uganda mama betty	7VS0o8vpfExOyHKfj04OOw%3D%3D	Wgq6XXPjuT5e4KCc66VLrw%3D%3D
colombia-mangosteen-%d9%86%d8%b3%d8%ae%d8%a9	brazil wafer	ZZSfqUtVAeNr%2B61zJ1sxmQ%3D%3D	18rCWrdFAtgZDt5DRl7bNA%3D%3D
colombia-decaf	Colombia DECAF – TUMBAGA SUGARCANE	%2B1oZpc6Hgnr5c0BLbwP9uw%3D%3D
salvador-sarchimor	Salvador Sarchimor	4wVdXu3QOrJajUcdltcFjQ%3D%3D	H5VgFoit19bBBqLhOoCbfQ%3D%3D
